fold,roc_auc,best_threshold
1,0.7952005662785578,0.5
2,0.8569031920052168,0.5
3,0.8829932503608912,0.5
4,0.8343133593806606,0.5
5,0.6229586450120179,0.05
