{
  "mode_cos": 0.17408166103171413,
  "Ps_R2": -0.5759752875352531,
  "Ps_MAE": 6.522131794141305,
  "Ps_vec_cos": 0.5925126502799382
}