{
  "n_smidt": 255,
  "n_ricci": 386,
  "smidt_only": {
    "R2_log": [
      -1.3631742033299699,
      0.7951783786431763
    ],
    "spearman": [
      0.30374277203186406,
      0.12248232225213677
    ],
    "R2_linear": [
      -3694691.792584142,
      7389356.853049491
    ],
    "MAE_uC": [
      2783.1551574251353,
      5489.080883222278
    ]
  },
  "combined": {
    "R2_log": [
      0.0882182706259079,
      0.19147163016499774
    ],
    "spearman": [
      0.4892392858794465,
      0.09851527967617127
    ],
    "R2_linear": [
      -0.3654977248874121,
      0.7507545361621354
    ],
    "MAE_uC": [
      22.588020692127827,
      4.179278645160439
    ]
  },
  "delta": {
    "R2_log": 1.4513924739558777,
    "spearman": 0.18549651384758242,
    "R2_linear": 3694691.427086417
  }
}