{
  "R2": 0.44682442290082713,
  "MAE": 1.2809438643248185,
  "sign_AUC": 0.8687628161312372
}