{
  "AUC": 0.767259056732741,
  "balanced_acc": 0.702323991797676,
  "top10pct_enrichment": 4.761904761904762,
  "base_rate": 0.09130434782608696
}