{
  "Ps": {
    "r2": 0.08931015499141637,
    "r2_std": 0.25427390889769047,
    "mae": 13.294819162740273,
    "mae_std": 2.0311245408615846,
    "unit": "\u03bcC/cm\u00b2"
  },
  "dw_depth": {
    "r2": -1.68540224314737,
    "r2_std": 1.6025365061079204,
    "mae": 50.20316002371749,
    "mae_std": 21.646118645746373,
    "unit": "meV/atom"
  },
  "path_barrier": {
    "r2": -0.03315222402309037,
    "r2_std": 0.26922891981000163,
    "mae": 164.14156575587498,
    "mae_std": 37.45348542235945,
    "unit": "meV/atom"
  },
  "gap_polar": {
    "r2": 0.6956816753625181,
    "r2_std": 0.09508827002312796,
    "mae": 0.5612208295470508,
    "mae_std": 0.05346742311044486,
    "unit": "eV"
  },
  "is_switchable": {
    "auc": 0.7635746660746661,
    "acc": 0.7960784313725491
  }
}