{
  "val_metrics": {
    "Ps": {
      "r2": -0.07600749247187322,
      "mae": 16.84872310513667
    },
    "dw_depth": {
      "r2": 0.17590573963104483,
      "mae": 39.32052834828695
    },
    "path_barrier": {
      "r2": 0.104020824320049,
      "mae": 122.34825194115733
    },
    "gap_polar": {
      "r2": 0.604558210902705,
      "mae": 0.6865852580350988
    }
  },
  "switchable_auc": 0.7999999999999999
}